Media URL,Filename,Share Count,Question IDs,Categories,Question Texts
https://drcqcbq3desis.cloudfront.net/audio/q32.mp3,q32.mp3,2,4n89vEaNCbvMPpJNjnLQ; pS1VXyfEIAodiUsRBWxB,Unknown; Unknown,من أي مسلسل هذا الصوت؟; من غنى هذه الأغنية؟
https://drcqcbq3desis.cloudfront.net/audio/q7.mp3,q7.mp3,2,8Oajr7Bj5CXbWStWaXqx; 94AN0R2PYT01VRBBsg5H,Unknown; Unknown,من أي مسلسل هذا الصوت؟; من غنى هذه الأغنية؟
https://drcqcbq3desis.cloudfront.net/audio/q74.mp3,q74.mp3,2,A3zz3e96P1VrKG37LbLO; HoNeudsNlyJ3gHEtHiDN,Unknown; Unknown,ما أسم هذه الأغنية من موسيقاها؟; من أي مسلسل هذا الصوت؟
https://drcqcbq3desis.cloudfront.net/audio/q51.mp3,q51.mp3,2,CDYWRyY9mFs106DOkA11; JBOwjd4msRygFifKkUuL,Unknown; Unknown,ما اسم هذه الأغنية؟; من أي سلسلة افلام هذا الصوت؟
https://drcqcbq3desis.cloudfront.net/audio/q39.mp3,q39.mp3,2,KxE8ZCwoVr0E6mFWAHzB; sbAO4c1YiA1wgzJvhA58,Unknown; Unknown,من غنى هذه الأغنية؟; من أي مسلسل هذا الصوت؟
https://drcqcbq3desis.cloudfront.net/audio/q46.mp3,q46.mp3,2,Mm3MWRLAG5WCgcngEXgf; hY5VU635kBT3dKwNMx5m,Unknown; Unknown,من أي سلسلة افلام هذا الصوت؟; ما اسم هذه الأغنية؟
https://drcqcbq3desis.cloudfront.net/audio/q17.mp3,q17.mp3,2,MxYQ1hLu9iopCgYbHljY; RAUkCddcZRo4qfB8LTp4,Unknown; Unknown,ما اسم هذه الأغنية؟; ما اسم هذا المسلسل؟
https://drcqcbq3desis.cloudfront.net/audio/q4.mp3,q4.mp3,2,Nak8jK3gySxexU6E07yH; lQlhIMKW4Bkt72unbBMD,Unknown; Unknown,من غنى هذه الأغنية؟; من أي مسلسل هذا الصوت؟
https://drcqcbq3desis.cloudfront.net/audio/q11.mp3,q11.mp3,2,ObGedfdBGFCUk7Nnqc6I; j65yk7BbOT7amcCdjDKP,Unknown; Unknown,من أي مسلسل هذا الصوت؟; ما اسم هذه الأغنية؟
https://drcqcbq3desis.cloudfront.net/audio/q61.mp3,q61.mp3,2,OgiJBHqww0JDSSiysmMn; nTeYvQ39j51MKn0M7ovN,Unknown; Unknown,من غنى هذه الأغنية من لحنها؟; من أي مسلسل هذا الصوت؟
https://drcqcbq3desis.cloudfront.net/audio/q83.mp3,q83.mp3,2,YIFwsoTqU4v9EtSpKFYm; lniCwJdQfTkQHf6lxmdU,Unknown; Unknown,من أي مسلسل هذه الصوت؟; من غنى هذه الأغنية من موسيقاها؟
https://drcqcbq3desis.cloudfront.net/audio/q35.mp3,q35.mp3,2,eEk5Yx03ojMIEZLBc0cs; k0yjP4DedxqoFHnqq4KJ,Unknown; Unknown,من أي مسلسل هذا الصوت؟; من غنى هذه الأغنية؟
https://drcqcbq3desis.cloudfront.net/audio/q12.mp3,q12.mp3,2,hN3SuSDYozLmttpbubLo; yezDsGoI9CdyUfN4s1bT,Unknown; Unknown,ما اسم هذه الأغنية من موسيقاها؟; من أي مسلسل هذا الصوت؟
https://drcqcbq3desis.cloudfront.net/audio/q64.mp3,q64.mp3,2,sVt2knmVKv31p659rDhJ; tC4CjRNEFKm1DX28Atgs,Unknown; Unknown,من غنى هذه الأغنية من موسيقاها؟; من أي مسلسل هذا الصوت؟